id,분류,접수일,만족도,내용,emb_0,emb_1,emb_2,emb_3,emb_4,emb_5,emb_6,emb_7
1,교환요청,2026-09-15 15:00:00,3,"""빠른 배송"" 정말 감사합니다. 다만 영수증이 안 들어 있어서 따로 받을 수 있을까요. 회사에 내야 해서 사업자 번호가 찍힌 것이 필요하고, 메일로 보내 주셔도 괜찮습니다 (접수번호 1)",-7.010,5.010,-3.267,-4.358,1.083,2.752,-5.221,-1.774
2,결제오류,2026-09-11 16:00:00,1,"결제는 어제 됐다고 문자가 왔는데 아직 배송 시작이 안 뜹니다. 언제쯤 출발하나요. 주말에는 집을 비우게 되어서, 가능하면 금요일 안에 받았으면 하는데 어려울까요 (접수번호 2)",2.839,2.014,-4.214,-3.241,-3.236,-0.990,-0.211,-2.866
3,배송문의,2026-09-16 11:00:00,2,"결제는 어제 됐다고 문자가 왔는데 아직 배송 시작이 안 뜹니다. 언제쯤 출발하나요. 주말에는 집을 비우게 되어서, 가능하면 금요일 안에 받았으면 하는데 어려울까요 (접수번호 3)",1.378,-1.165,2.736,-4.292,4.992,0.697,-1.245,-7.617
4,결제오류,2026-09-14 16:00:00,5,"주문한 것과 다른 색이 왔습니다. 주문 내역에는 남색으로 되어 있는데 검정이 왔어요. 포장은 뜯지 않은 그대로이고, 받은 날은 지난주 금요일입니다. 회수는 언제 오시는지 알려 주세요 (접수번호 4)",2.385,1.129,-3.336,-4.148,-3.053,-0.775,1.087,-3.773
5,배송문의,2026-09-16 21:00:00,5,"""빠른 배송"" 정말 감사합니다. 다만 영수증이 안 들어 있어서 따로 받을 수 있을까요. 회사에 내야 해서 사업자 번호가 찍힌 것이 필요하고, 메일로 보내 주셔도 괜찮습니다 (접수번호 5)",2.148,-1.033,3.185,-4.608,5.923,-0.955,-0.476,-6.784
6,쿠폰문의,2026-09-14 17:00:00,1,"결제는 어제 됐다고 문자가 왔는데 아직 배송 시작이 안 뜹니다. 언제쯤 출발하나요. 주말에는 집을 비우게 되어서, 가능하면 금요일 안에 받았으면 하는데 어려울까요 (접수번호 6)",-2.886,3.588,-0.611,0.869,2.327,5.762,-1.393,-0.304
7,배송문의,2026-09-21 05:00:00,2,"결제는 어제 됐다고 문자가 왔는데 아직 배송 시작이 안 뜹니다. 언제쯤 출발하나요. 주말에는 집을 비우게 되어서, 가능하면 금요일 안에 받았으면 하는데 어려울까요 (접수번호 7)",1.551,-0.457,2.391,-3.212,5.009,-0.859,-0.150,-7.420
8,배송문의,2026-09-07 01:00:00,5,"""빠른 배송"" 정말 감사합니다. 다만 영수증이 안 들어 있어서 따로 받을 수 있을까요. 회사에 내야 해서 사업자 번호가 찍힌 것이 필요하고, 메일로 보내 주셔도 괜찮습니다 (접수번호 8)",1.642,-1.473,1.333,-3.266,6.600,-1.319,-1.238,-7.864
9,결제오류,2026-09-13 17:00:00,1,"결제는 어제 됐다고 문자가 왔는데 아직 배송 시작이 안 뜹니다. 언제쯤 출발하나요. 주말에는 집을 비우게 되어서, 가능하면 금요일 안에 받았으면 하는데 어려울까요 (접수번호 9)",2.439,0.541,-3.453,-4.133,-3.796,-0.056,0.930,-3.872
10,환불요청,2026-09-13 00:00:00,2,"어제 받은 상자가 한쪽이 찌그러져 있었고, 안의 물건에도 눌린 자국이 남아 있습니다. 사진은 찍어 두었으니 필요하시면 보내 드리겠습니다. 같은 물건으로 바꿔 주시면 좋겠습니다 (접수번호 10)",-2.909,0.686,-2.462,1.632,1.421,3.906,-2.241,4.497
11,교환요청,2026-09-16 17:00:00,5,"결제는 어제 됐다고 문자가 왔는데 아직 배송 시작이 안 뜹니다. 언제쯤 출발하나요. 주말에는 집을 비우게 되어서, 가능하면 금요일 안에 받았으면 하는데 어려울까요 (접수번호 11)",-5.319,5.067,-2.084,-3.968,-0.223,3.273,-4.494,-0.379
12,환불요청,2026-09-02 18:00:00,4,"주문한 것과 다른 색이 왔습니다. 주문 내역에는 남색으로 되어 있는데 검정이 왔어요. 포장은 뜯지 않은 그대로이고, 받은 날은 지난주 금요일입니다. 회수는 언제 오시는지 알려 주세요 (접수번호 12)",-3.212,1.793,-2.387,0.798,0.946,3.432,-3.263,4.597
13,결제오류,2026-09-04 20:00:00,3,"""빠른 배송"" 정말 감사합니다. 다만 영수증이 안 들어 있어서 따로 받을 수 있을까요. 회사에 내야 해서 사업자 번호가 찍힌 것이 필요하고, 메일로 보내 주셔도 괜찮습니다 (접수번호 13)",2.184,1.201,-3.455,-3.556,-2.449,-1.323,1.125,-3.919
14,결제오류,2026-09-19 04:00:00,1,"어제 받은 상자가 한쪽이 찌그러져 있었고, 안의 물건에도 눌린 자국이 남아 있습니다. 사진은 찍어 두었으니 필요하시면 보내 드리겠습니다. 같은 물건으로 바꿔 주시면 좋겠습니다 (접수번호 14)",2.155,1.048,-3.546,-4.309,-2.609,-1.408,2.381,-3.790
15,교환요청,2026-09-07 18:00:00,5,"어제 받은 상자가 한쪽이 찌그러져 있었고, 안의 물건에도 눌린 자국이 남아 있습니다. 사진은 찍어 두었으니 필요하시면 보내 드리겠습니다. 같은 물건으로 바꿔 주시면 좋겠습니다 (접수번호 15)",-4.757,5.199,-1.462,-3.336,0.640,2.652,-5.386,-0.874
16,결제오류,2026-09-14 08:00:00,4,"어제 받은 상자가 한쪽이 찌그러져 있었고, 안의 물건에도 눌린 자국이 남아 있습니다. 사진은 찍어 두었으니 필요하시면 보내 드리겠습니다. 같은 물건으로 바꿔 주시면 좋겠습니다 (접수번호 16)",3.025,2.209,-2.774,-4.656,-3.747,-0.600,1.251,-3.306
17,쿠폰문의,2026-09-14 19:00:00,3,"주문한 것과 다른 색이 왔습니다. 주문 내역에는 남색으로 되어 있는데 검정이 왔어요. 포장은 뜯지 않은 그대로이고, 받은 날은 지난주 금요일입니다. 회수는 언제 오시는지 알려 주세요 (접수번호 17)",-2.720,3.743,-0.203,0.370,2.304,3.158,-1.837,-0.761
18,쿠폰문의,2026-09-04 01:00:00,,"주문한 것과 다른 색이 왔습니다. 주문 내역에는 남색으로 되어 있는데 검정이 왔어요. 포장은 뜯지 않은 그대로이고, 받은 날은 지난주 금요일입니다. 회수는 언제 오시는지 알려 주세요 (접수번호 18)",-2.531,4.059,-1.294,1.016,1.391,5.109,-2.213,-1.083
19,쿠폰문의,2026-09-03 11:00:00,5,"""빠른 배송"" 정말 감사합니다. 다만 영수증이 안 들어 있어서 따로 받을 수 있을까요. 회사에 내야 해서 사업자 번호가 찍힌 것이 필요하고, 메일로 보내 주셔도 괜찮습니다 (접수번호 19)",-3.323,2.749,-1.214,1.006,1.409,4.998,-2.587,-1.076
20,쿠폰문의,2026-09-10 14:00:00,4,"결제는 어제 됐다고 문자가 왔는데 아직 배송 시작이 안 뜹니다. 언제쯤 출발하나요. 주말에는 집을 비우게 되어서, 가능하면 금요일 안에 받았으면 하는데 어려울까요 (접수번호 20)",-2.859,4.214,-1.348,-0.101,2.750,6.015,-1.906,-0.785
21,배송문의,2026-09-15 11:00:00,4,"어제 받은 상자가 한쪽이 찌그러져 있었고, 안의 물건에도 눌린 자국이 남아 있습니다. 사진은 찍어 두었으니 필요하시면 보내 드리겠습니다. 같은 물건으로 바꿔 주시면 좋겠습니다 (접수번호 21)",1.531,-1.192,2.375,-3.904,5.535,-1.512,-1.273,-7.465
22,배송문의,2026-09-04 07:00:00,4,"주문한 것과 다른 색이 왔습니다. 주문 내역에는 남색으로 되어 있는데 검정이 왔어요. 포장은 뜯지 않은 그대로이고, 받은 날은 지난주 금요일입니다. 회수는 언제 오시는지 알려 주세요 (접수번호 22)",1.512,-1.630,2.349,-4.061,6.750,-1.360,-0.192,-7.924
23,배송문의,2026-09-08 04:00:00,1,"""빠른 배송"" 정말 감사합니다. 다만 영수증이 안 들어 있어서 따로 받을 수 있을까요. 회사에 내야 해서 사업자 번호가 찍힌 것이 필요하고, 메일로 보내 주셔도 괜찮습니다 (접수번호 23)",1.281,-1.278,2.654,-3.908,5.865,-1.174,-1.697,-8.006
24,배송문의,2026-09-05 18:00:00,1,"""빠른 배송"" 정말 감사합니다. 다만 영수증이 안 들어 있어서 따로 받을 수 있을까요. 회사에 내야 해서 사업자 번호가 찍힌 것이 필요하고, 메일로 보내 주셔도 괜찮습니다 (접수번호 24)",1.889,-3.013,1.961,-4.515,6.706,-0.728,-1.268,-7.076
25,결제오류,2026-09-03 00:00:00,1,"어제 받은 상자가 한쪽이 찌그러져 있었고, 안의 물건에도 눌린 자국이 남아 있습니다. 사진은 찍어 두었으니 필요하시면 보내 드리겠습니다. 같은 물건으로 바꿔 주시면 좋겠습니다 (접수번호 25)",2.435,1.311,-4.901,-3.739,-3.574,-1.018,0.717,-2.751
26,결제오류,2026-09-04 05:00:00,,"결제는 어제 됐다고 문자가 왔는데 아직 배송 시작이 안 뜹니다. 언제쯤 출발하나요. 주말에는 집을 비우게 되어서, 가능하면 금요일 안에 받았으면 하는데 어려울까요 (접수번호 26)",2.378,1.304,-4.095,-3.637,-2.586,-0.407,0.724,-3.479
27,쿠폰문의,2026-09-09 13:00:00,2,"""빠른 배송"" 정말 감사합니다. 다만 영수증이 안 들어 있어서 따로 받을 수 있을까요. 회사에 내야 해서 사업자 번호가 찍힌 것이 필요하고, 메일로 보내 주셔도 괜찮습니다 (접수번호 27)",-2.818,3.909,-0.308,0.461,2.040,4.594,-2.241,-0.685
28,환불요청,2026-09-14 06:00:00,4,"주문한 것과 다른 색이 왔습니다. 주문 내역에는 남색으로 되어 있는데 검정이 왔어요. 포장은 뜯지 않은 그대로이고, 받은 날은 지난주 금요일입니다. 회수는 언제 오시는지 알려 주세요 (접수번호 28)",-3.281,1.143,-1.415,1.531,0.490,3.285,-2.776,3.391
29,환불요청,2026-09-08 16:00:00,2,"결제는 어제 됐다고 문자가 왔는데 아직 배송 시작이 안 뜹니다. 언제쯤 출발하나요. 주말에는 집을 비우게 되어서, 가능하면 금요일 안에 받았으면 하는데 어려울까요 (접수번호 29)",-3.734,0.880,-2.308,1.605,0.881,4.305,-2.285,4.061
30,교환요청,2026-09-21 23:00:00,1,"결제는 어제 됐다고 문자가 왔는데 아직 배송 시작이 안 뜹니다. 언제쯤 출발하나요. 주말에는 집을 비우게 되어서, 가능하면 금요일 안에 받았으면 하는데 어려울까요 (접수번호 30)",-4.445,4.149,-2.110,-4.342,1.496,4.044,-4.373,-1.586
31,배송문의,2026-09-09 21:00:00,3,"어제 받은 상자가 한쪽이 찌그러져 있었고, 안의 물건에도 눌린 자국이 남아 있습니다. 사진은 찍어 두었으니 필요하시면 보내 드리겠습니다. 같은 물건으로 바꿔 주시면 좋겠습니다 (접수번호 31)",0.846,-1.430,1.501,-4.607,5.921,0.166,-1.381,-6.890
32,환불요청,2026-09-17 02:00:00,4,"결제는 어제 됐다고 문자가 왔는데 아직 배송 시작이 안 뜹니다. 언제쯤 출발하나요. 주말에는 집을 비우게 되어서, 가능하면 금요일 안에 받았으면 하는데 어려울까요 (접수번호 32)",-3.374,1.878,-1.874,0.711,0.892,3.766,-2.452,4.751
33,쿠폰문의,2026-09-14 23:00:00,3,"주문한 것과 다른 색이 왔습니다. 주문 내역에는 남색으로 되어 있는데 검정이 왔어요. 포장은 뜯지 않은 그대로이고, 받은 날은 지난주 금요일입니다. 회수는 언제 오시는지 알려 주세요 (접수번호 33)",-1.665,2.559,-0.962,0.588,1.870,5.544,-1.911,-0.452
34,쿠폰문의,2026-09-13 02:00:00,2,"어제 받은 상자가 한쪽이 찌그러져 있었고, 안의 물건에도 눌린 자국이 남아 있습니다. 사진은 찍어 두었으니 필요하시면 보내 드리겠습니다. 같은 물건으로 바꿔 주시면 좋겠습니다 (접수번호 34)",-3.647,3.511,-1.797,0.601,2.776,4.440,-2.427,-0.759
35,쿠폰문의,2026-09-15 02:00:00,2,"어제 받은 상자가 한쪽이 찌그러져 있었고, 안의 물건에도 눌린 자국이 남아 있습니다. 사진은 찍어 두었으니 필요하시면 보내 드리겠습니다. 같은 물건으로 바꿔 주시면 좋겠습니다 (접수번호 35)",-2.670,4.734,-0.750,0.468,1.776,4.411,-1.657,-0.038
36,교환요청,2026-09-18 18:00:00,1,"주문한 것과 다른 색이 왔습니다. 주문 내역에는 남색으로 되어 있는데 검정이 왔어요. 포장은 뜯지 않은 그대로이고, 받은 날은 지난주 금요일입니다. 회수는 언제 오시는지 알려 주세요 (접수번호 36)",-5.160,4.104,-2.041,-3.869,0.573,3.556,-5.019,-0.569
37,배송문의,2026-09-04 14:00:00,2,"결제는 어제 됐다고 문자가 왔는데 아직 배송 시작이 안 뜹니다. 언제쯤 출발하나요. 주말에는 집을 비우게 되어서, 가능하면 금요일 안에 받았으면 하는데 어려울까요 (접수번호 37)",1.994,-1.138,1.805,-5.629,5.317,-1.254,-0.567,-7.409
38,결제오류,2026-09-12 04:00:00,3,"""빠른 배송"" 정말 감사합니다. 다만 영수증이 안 들어 있어서 따로 받을 수 있을까요. 회사에 내야 해서 사업자 번호가 찍힌 것이 필요하고, 메일로 보내 주셔도 괜찮습니다 (접수번호 38)",3.293,0.073,-3.370,-4.301,-1.996,-0.192,1.457,-3.090
39,환불요청,2026-09-15 14:00:00,1,"""빠른 배송"" 정말 감사합니다. 다만 영수증이 안 들어 있어서 따로 받을 수 있을까요. 회사에 내야 해서 사업자 번호가 찍힌 것이 필요하고, 메일로 보내 주셔도 괜찮습니다 (접수번호 39)",-2.511,0.457,-1.995,0.897,1.079,2.481,-3.531,3.179
40,배송문의,2026-09-05 13:00:00,5,"결제는 어제 됐다고 문자가 왔는데 아직 배송 시작이 안 뜹니다. 언제쯤 출발하나요. 주말에는 집을 비우게 되어서, 가능하면 금요일 안에 받았으면 하는데 어려울까요 (접수번호 40)",-0.239,-1.977,2.160,-4.380,3.798,-1.034,-0.987,-8.025
41,배송문의,2026-09-16 21:00:00,5,"""빠른 배송"" 정말 감사합니다. 다만 영수증이 안 들어 있어서 따로 받을 수 있을까요. 회사에 내야 해서 사업자 번호가 찍힌 것이 필요하고, 메일로 보내 주셔도 괜찮습니다 (접수번호 41)",1.943,-2.737,2.343,-3.478,5.921,-1.270,-1.503,-6.693
42,쿠폰문의,2026-09-13 11:00:00,3,"""빠른 배송"" 정말 감사합니다. 다만 영수증이 안 들어 있어서 따로 받을 수 있을까요. 회사에 내야 해서 사업자 번호가 찍힌 것이 필요하고, 메일로 보내 주셔도 괜찮습니다 (접수번호 42)",-2.890,3.904,-1.507,-0.242,2.367,5.554,-1.584,-0.398
43,환불요청,2026-09-13 22:00:00,,"""빠른 배송"" 정말 감사합니다. 다만 영수증이 안 들어 있어서 따로 받을 수 있을까요. 회사에 내야 해서 사업자 번호가 찍힌 것이 필요하고, 메일로 보내 주셔도 괜찮습니다 (접수번호 43)",-3.794,-0.047,-1.436,1.893,1.142,3.626,-2.915,4.988
44,배송문의,2026-09-11 16:00:00,4,"결제는 어제 됐다고 문자가 왔는데 아직 배송 시작이 안 뜹니다. 언제쯤 출발하나요. 주말에는 집을 비우게 되어서, 가능하면 금요일 안에 받았으면 하는데 어려울까요 (접수번호 44)",1.784,-2.186,2.789,-4.972,5.838,0.822,-1.159,-7.866
45,교환요청,2026-09-08 05:00:00,3,"결제는 어제 됐다고 문자가 왔는데 아직 배송 시작이 안 뜹니다. 언제쯤 출발하나요. 주말에는 집을 비우게 되어서, 가능하면 금요일 안에 받았으면 하는데 어려울까요 (접수번호 45)",-5.615,4.622,-3.015,-2.574,0.456,2.560,-3.746,-1.012
46,교환요청,2026-09-18 05:00:00,4,"주문한 것과 다른 색이 왔습니다. 주문 내역에는 남색으로 되어 있는데 검정이 왔어요. 포장은 뜯지 않은 그대로이고, 받은 날은 지난주 금요일입니다. 회수는 언제 오시는지 알려 주세요 (접수번호 46)",-5.769,4.825,-2.537,-3.980,1.034,3.300,-5.597,-0.943
47,환불요청,2026-09-07 12:00:00,2,"주문한 것과 다른 색이 왔습니다. 주문 내역에는 남색으로 되어 있는데 검정이 왔어요. 포장은 뜯지 않은 그대로이고, 받은 날은 지난주 금요일입니다. 회수는 언제 오시는지 알려 주세요 (접수번호 47)",-4.015,0.128,-2.546,0.331,0.256,3.543,-2.857,4.653
48,환불요청,2026-09-10 20:00:00,2,"""빠른 배송"" 정말 감사합니다. 다만 영수증이 안 들어 있어서 따로 받을 수 있을까요. 회사에 내야 해서 사업자 번호가 찍힌 것이 필요하고, 메일로 보내 주셔도 괜찮습니다 (접수번호 48)",-3.472,2.167,-2.157,1.761,1.205,4.039,-2.005,3.975
49,환불요청,2026-09-13 19:00:00,,"주문한 것과 다른 색이 왔습니다. 주문 내역에는 남색으로 되어 있는데 검정이 왔어요. 포장은 뜯지 않은 그대로이고, 받은 날은 지난주 금요일입니다. 회수는 언제 오시는지 알려 주세요 (접수번호 49)",-4.052,0.331,-1.235,0.546,-0.268,3.117,-2.815,5.049
50,환불요청,2026-09-04 00:00:00,1,"""빠른 배송"" 정말 감사합니다. 다만 영수증이 안 들어 있어서 따로 받을 수 있을까요. 회사에 내야 해서 사업자 번호가 찍힌 것이 필요하고, 메일로 보내 주셔도 괜찮습니다 (접수번호 50)",-4.657,0.365,-2.825,1.874,-0.576,3.422,-1.975,4.398
51,쿠폰문의,2026-09-15 02:00:00,3,"어제 받은 상자가 한쪽이 찌그러져 있었고, 안의 물건에도 눌린 자국이 남아 있습니다. 사진은 찍어 두었으니 필요하시면 보내 드리겠습니다. 같은 물건으로 바꿔 주시면 좋겠습니다 (접수번호 51)",-4.281,4.742,-0.979,0.005,2.668,4.550,-1.956,-0.711
52,교환요청,2026-09-05 04:00:00,1,"결제는 어제 됐다고 문자가 왔는데 아직 배송 시작이 안 뜹니다. 언제쯤 출발하나요. 주말에는 집을 비우게 되어서, 가능하면 금요일 안에 받았으면 하는데 어려울까요 (접수번호 52)",-5.226,5.076,-2.712,-3.538,0.257,2.348,-4.244,-0.642
53,쿠폰문의,2026-09-01 21:00:00,3,"주문한 것과 다른 색이 왔습니다. 주문 내역에는 남색으로 되어 있는데 검정이 왔어요. 포장은 뜯지 않은 그대로이고, 받은 날은 지난주 금요일입니다. 회수는 언제 오시는지 알려 주세요 (접수번호 53)",-2.840,3.980,-0.641,-0.031,0.694,5.166,-2.692,-0.808
54,결제오류,2026-09-02 07:00:00,3,"어제 받은 상자가 한쪽이 찌그러져 있었고, 안의 물건에도 눌린 자국이 남아 있습니다. 사진은 찍어 두었으니 필요하시면 보내 드리겠습니다. 같은 물건으로 바꿔 주시면 좋겠습니다 (접수번호 54)",3.131,2.892,-3.352,-3.027,-3.206,-0.453,0.466,-3.091
55,배송문의,2026-09-01 10:00:00,3,"어제 받은 상자가 한쪽이 찌그러져 있었고, 안의 물건에도 눌린 자국이 남아 있습니다. 사진은 찍어 두었으니 필요하시면 보내 드리겠습니다. 같은 물건으로 바꿔 주시면 좋겠습니다 (접수번호 55)",1.678,-1.165,2.277,-4.487,4.862,-1.121,-1.202,-7.894
56,쿠폰문의,2026-09-03 14:00:00,2,"주문한 것과 다른 색이 왔습니다. 주문 내역에는 남색으로 되어 있는데 검정이 왔어요. 포장은 뜯지 않은 그대로이고, 받은 날은 지난주 금요일입니다. 회수는 언제 오시는지 알려 주세요 (접수번호 56)",-3.476,2.655,-0.721,-1.439,1.705,5.192,-2.714,-0.997
57,교환요청,2026-09-02 20:00:00,3,"""빠른 배송"" 정말 감사합니다. 다만 영수증이 안 들어 있어서 따로 받을 수 있을까요. 회사에 내야 해서 사업자 번호가 찍힌 것이 필요하고, 메일로 보내 주셔도 괜찮습니다 (접수번호 57)",-5.299,5.991,-3.859,-4.035,0.081,2.443,-4.820,-1.200
58,쿠폰문의,2026-09-20 04:00:00,3,"결제는 어제 됐다고 문자가 왔는데 아직 배송 시작이 안 뜹니다. 언제쯤 출발하나요. 주말에는 집을 비우게 되어서, 가능하면 금요일 안에 받았으면 하는데 어려울까요 (접수번호 58)",-3.915,3.186,-1.803,0.094,1.590,5.021,-1.946,-1.056
59,교환요청,2026-09-14 17:00:00,3,"어제 받은 상자가 한쪽이 찌그러져 있었고, 안의 물건에도 눌린 자국이 남아 있습니다. 사진은 찍어 두었으니 필요하시면 보내 드리겠습니다. 같은 물건으로 바꿔 주시면 좋겠습니다 (접수번호 59)",-5.263,5.184,-2.933,-4.354,1.541,2.868,-4.207,-0.484
60,쿠폰문의,2026-09-17 21:00:00,2,"주문한 것과 다른 색이 왔습니다. 주문 내역에는 남색으로 되어 있는데 검정이 왔어요. 포장은 뜯지 않은 그대로이고, 받은 날은 지난주 금요일입니다. 회수는 언제 오시는지 알려 주세요 (접수번호 60)",-3.578,3.044,-1.729,0.238,1.606,5.007,-2.689,-1.482
61,결제오류,2026-09-10 21:00:00,3,"""빠른 배송"" 정말 감사합니다. 다만 영수증이 안 들어 있어서 따로 받을 수 있을까요. 회사에 내야 해서 사업자 번호가 찍힌 것이 필요하고, 메일로 보내 주셔도 괜찮습니다 (접수번호 61)",2.378,1.447,-3.413,-3.087,-4.578,-1.184,1.656,-4.012
62,교환요청,2026-09-17 06:00:00,1,"""빠른 배송"" 정말 감사합니다. 다만 영수증이 안 들어 있어서 따로 받을 수 있을까요. 회사에 내야 해서 사업자 번호가 찍힌 것이 필요하고, 메일로 보내 주셔도 괜찮습니다 (접수번호 62)",-6.208,4.799,-3.250,-3.679,0.385,3.751,-5.053,-1.393
63,교환요청,2026-09-04 06:00:00,1,"어제 받은 상자가 한쪽이 찌그러져 있었고, 안의 물건에도 눌린 자국이 남아 있습니다. 사진은 찍어 두었으니 필요하시면 보내 드리겠습니다. 같은 물건으로 바꿔 주시면 좋겠습니다 (접수번호 63)",-5.606,4.347,-1.981,-4.743,1.073,2.628,-4.901,-1.604
64,교환요청,2026-09-01 10:00:00,4,"주문한 것과 다른 색이 왔습니다. 주문 내역에는 남색으로 되어 있는데 검정이 왔어요. 포장은 뜯지 않은 그대로이고, 받은 날은 지난주 금요일입니다. 회수는 언제 오시는지 알려 주세요 (접수번호 64)",-5.205,3.847,-2.780,-3.277,0.289,2.616,-2.773,-1.495
65,환불요청,2026-09-01 20:00:00,1,"어제 받은 상자가 한쪽이 찌그러져 있었고, 안의 물건에도 눌린 자국이 남아 있습니다. 사진은 찍어 두었으니 필요하시면 보내 드리겠습니다. 같은 물건으로 바꿔 주시면 좋겠습니다 (접수번호 65)",-3.316,0.382,-1.997,0.889,-0.128,3.748,-1.675,4.047
66,결제오류,2026-09-21 13:00:00,2,"주문한 것과 다른 색이 왔습니다. 주문 내역에는 남색으로 되어 있는데 검정이 왔어요. 포장은 뜯지 않은 그대로이고, 받은 날은 지난주 금요일입니다. 회수는 언제 오시는지 알려 주세요 (접수번호 66)",2.001,2.536,-3.637,-4.908,-2.425,-1.447,0.933,-2.804
67,결제오류,2026-09-19 14:00:00,2,"어제 받은 상자가 한쪽이 찌그러져 있었고, 안의 물건에도 눌린 자국이 남아 있습니다. 사진은 찍어 두었으니 필요하시면 보내 드리겠습니다. 같은 물건으로 바꿔 주시면 좋겠습니다 (접수번호 67)",2.960,0.779,-3.761,-4.452,-4.407,-1.556,0.367,-3.728
68,배송문의,2026-09-15 07:00:00,2,"""빠른 배송"" 정말 감사합니다. 다만 영수증이 안 들어 있어서 따로 받을 수 있을까요. 회사에 내야 해서 사업자 번호가 찍힌 것이 필요하고, 메일로 보내 주셔도 괜찮습니다 (접수번호 68)",1.243,-1.022,2.707,-4.469,5.580,-1.107,-0.485,-8.484
69,쿠폰문의,2026-09-18 04:00:00,3,"결제는 어제 됐다고 문자가 왔는데 아직 배송 시작이 안 뜹니다. 언제쯤 출발하나요. 주말에는 집을 비우게 되어서, 가능하면 금요일 안에 받았으면 하는데 어려울까요 (접수번호 69)",-3.811,3.955,-1.322,0.095,2.415,4.792,-2.126,-0.468
70,결제오류,2026-09-11 10:00:00,2,"주문한 것과 다른 색이 왔습니다. 주문 내역에는 남색으로 되어 있는데 검정이 왔어요. 포장은 뜯지 않은 그대로이고, 받은 날은 지난주 금요일입니다. 회수는 언제 오시는지 알려 주세요 (접수번호 70)",3.069,1.747,-4.151,-2.736,-3.811,-0.541,0.345,-3.463
71,교환요청,2026-09-03 04:00:00,3,"어제 받은 상자가 한쪽이 찌그러져 있었고, 안의 물건에도 눌린 자국이 남아 있습니다. 사진은 찍어 두었으니 필요하시면 보내 드리겠습니다. 같은 물건으로 바꿔 주시면 좋겠습니다 (접수번호 71)",-5.389,4.165,-1.876,-4.448,0.235,4.329,-4.678,-0.589
72,배송문의,2026-09-12 06:00:00,,"""빠른 배송"" 정말 감사합니다. 다만 영수증이 안 들어 있어서 따로 받을 수 있을까요. 회사에 내야 해서 사업자 번호가 찍힌 것이 필요하고, 메일로 보내 주셔도 괜찮습니다 (접수번호 72)",0.920,-1.598,2.228,-2.971,5.147,-0.834,-1.198,-6.713
73,배송문의,2026-09-04 01:00:00,2,"""빠른 배송"" 정말 감사합니다. 다만 영수증이 안 들어 있어서 따로 받을 수 있을까요. 회사에 내야 해서 사업자 번호가 찍힌 것이 필요하고, 메일로 보내 주셔도 괜찮습니다 (접수번호 73)",1.558,-1.103,1.943,-3.616,5.890,-0.814,-0.583,-8.090
74,배송문의,2026-09-06 11:00:00,1,"주문한 것과 다른 색이 왔습니다. 주문 내역에는 남색으로 되어 있는데 검정이 왔어요. 포장은 뜯지 않은 그대로이고, 받은 날은 지난주 금요일입니다. 회수는 언제 오시는지 알려 주세요 (접수번호 74)",1.283,-0.823,2.372,-4.624,6.158,-0.937,-0.734,-7.992
75,쿠폰문의,2026-09-16 08:00:00,5,"""빠른 배송"" 정말 감사합니다. 다만 영수증이 안 들어 있어서 따로 받을 수 있을까요. 회사에 내야 해서 사업자 번호가 찍힌 것이 필요하고, 메일로 보내 주셔도 괜찮습니다 (접수번호 75)",-2.536,4.508,-1.446,0.935,0.623,3.843,-1.712,-0.814
76,쿠폰문의,2026-09-18 05:00:00,5,"""빠른 배송"" 정말 감사합니다. 다만 영수증이 안 들어 있어서 따로 받을 수 있을까요. 회사에 내야 해서 사업자 번호가 찍힌 것이 필요하고, 메일로 보내 주셔도 괜찮습니다 (접수번호 76)",-3.246,3.470,-1.386,-0.214,2.706,3.666,-1.770,0.284
77,쿠폰문의,2026-09-04 17:00:00,,"주문한 것과 다른 색이 왔습니다. 주문 내역에는 남색으로 되어 있는데 검정이 왔어요. 포장은 뜯지 않은 그대로이고, 받은 날은 지난주 금요일입니다. 회수는 언제 오시는지 알려 주세요 (접수번호 77)",-3.670,3.496,-1.759,0.465,1.515,4.764,-1.667,-0.172
78,배송문의,2026-09-08 12:00:00,3,"""빠른 배송"" 정말 감사합니다. 다만 영수증이 안 들어 있어서 따로 받을 수 있을까요. 회사에 내야 해서 사업자 번호가 찍힌 것이 필요하고, 메일로 보내 주셔도 괜찮습니다 (접수번호 78)",2.115,-1.903,1.605,-3.446,4.962,-1.345,-0.751,-7.764
79,결제오류,2026-09-14 02:00:00,1,"결제는 어제 됐다고 문자가 왔는데 아직 배송 시작이 안 뜹니다. 언제쯤 출발하나요. 주말에는 집을 비우게 되어서, 가능하면 금요일 안에 받았으면 하는데 어려울까요 (접수번호 79)",1.898,0.847,-2.907,-3.259,-2.408,-1.730,1.650,-2.965
80,교환요청,2026-09-21 21:00:00,5,"결제는 어제 됐다고 문자가 왔는데 아직 배송 시작이 안 뜹니다. 언제쯤 출발하나요. 주말에는 집을 비우게 되어서, 가능하면 금요일 안에 받았으면 하는데 어려울까요 (접수번호 80)",-4.775,4.398,-3.038,-4.121,1.313,2.403,-4.691,-0.139
81,배송문의,2026-09-10 23:00:00,2,"주문한 것과 다른 색이 왔습니다. 주문 내역에는 남색으로 되어 있는데 검정이 왔어요. 포장은 뜯지 않은 그대로이고, 받은 날은 지난주 금요일입니다. 회수는 언제 오시는지 알려 주세요 (접수번호 81)",1.932,-2.064,2.815,-3.487,5.067,0.591,-0.856,-7.533
82,결제오류,2026-09-03 03:00:00,3,"결제는 어제 됐다고 문자가 왔는데 아직 배송 시작이 안 뜹니다. 언제쯤 출발하나요. 주말에는 집을 비우게 되어서, 가능하면 금요일 안에 받았으면 하는데 어려울까요 (접수번호 82)",2.050,1.598,-3.315,-3.077,-3.191,-1.236,1.421,-3.129
83,환불요청,2026-09-08 15:00:00,4,"결제는 어제 됐다고 문자가 왔는데 아직 배송 시작이 안 뜹니다. 언제쯤 출발하나요. 주말에는 집을 비우게 되어서, 가능하면 금요일 안에 받았으면 하는데 어려울까요 (접수번호 83)",-2.633,-0.159,-2.350,1.840,1.192,4.173,-4.379,3.658
84,배송문의,2026-09-17 02:00:00,3,"결제는 어제 됐다고 문자가 왔는데 아직 배송 시작이 안 뜹니다. 언제쯤 출발하나요. 주말에는 집을 비우게 되어서, 가능하면 금요일 안에 받았으면 하는데 어려울까요 (접수번호 84)",1.159,-1.794,1.729,-4.401,5.062,-0.404,-1.697,-6.956
85,결제오류,2026-09-12 03:00:00,5,"주문한 것과 다른 색이 왔습니다. 주문 내역에는 남색으로 되어 있는데 검정이 왔어요. 포장은 뜯지 않은 그대로이고, 받은 날은 지난주 금요일입니다. 회수는 언제 오시는지 알려 주세요 (접수번호 85)",3.191,1.317,-2.936,-3.654,-3.230,-0.836,1.536,-4.333
86,배송문의,2026-09-01 04:00:00,4,"주문한 것과 다른 색이 왔습니다. 주문 내역에는 남색으로 되어 있는데 검정이 왔어요. 포장은 뜯지 않은 그대로이고, 받은 날은 지난주 금요일입니다. 회수는 언제 오시는지 알려 주세요 (접수번호 86)",0.519,-0.721,2.322,-4.894,6.948,-0.494,-0.974,-6.980
87,교환요청,2026-09-06 06:00:00,2,"주문한 것과 다른 색이 왔습니다. 주문 내역에는 남색으로 되어 있는데 검정이 왔어요. 포장은 뜯지 않은 그대로이고, 받은 날은 지난주 금요일입니다. 회수는 언제 오시는지 알려 주세요 (접수번호 87)",-5.445,5.287,-3.521,-4.248,1.102,2.696,-4.950,-1.108
88,배송문의,2026-09-05 14:00:00,1,"결제는 어제 됐다고 문자가 왔는데 아직 배송 시작이 안 뜹니다. 언제쯤 출발하나요. 주말에는 집을 비우게 되어서, 가능하면 금요일 안에 받았으면 하는데 어려울까요 (접수번호 88)",1.908,-1.523,3.034,-4.427,5.564,-1.211,-0.012,-8.632
89,결제오류,2026-09-19 12:00:00,,"주문한 것과 다른 색이 왔습니다. 주문 내역에는 남색으로 되어 있는데 검정이 왔어요. 포장은 뜯지 않은 그대로이고, 받은 날은 지난주 금요일입니다. 회수는 언제 오시는지 알려 주세요 (접수번호 89)",1.459,1.415,-2.750,-3.153,-3.001,-1.454,1.185,-3.609
90,배송문의,2026-09-14 06:00:00,,"어제 받은 상자가 한쪽이 찌그러져 있었고, 안의 물건에도 눌린 자국이 남아 있습니다. 사진은 찍어 두었으니 필요하시면 보내 드리겠습니다. 같은 물건으로 바꿔 주시면 좋겠습니다 (접수번호 90)",1.160,-1.548,1.999,-3.859,5.024,-0.152,-0.642,-6.297
91,교환요청,2026-09-10 12:00:00,2,"결제는 어제 됐다고 문자가 왔는데 아직 배송 시작이 안 뜹니다. 언제쯤 출발하나요. 주말에는 집을 비우게 되어서, 가능하면 금요일 안에 받았으면 하는데 어려울까요 (접수번호 91)",-4.779,4.845,-2.092,-4.464,0.856,2.727,-4.906,-0.699
92,배송문의,2026-09-15 15:00:00,3,"결제는 어제 됐다고 문자가 왔는데 아직 배송 시작이 안 뜹니다. 언제쯤 출발하나요. 주말에는 집을 비우게 되어서, 가능하면 금요일 안에 받았으면 하는데 어려울까요 (접수번호 92)",0.339,-1.650,2.000,-3.171,6.405,-0.383,-1.069,-6.869
93,환불요청,2026-09-09 13:00:00,5,"""빠른 배송"" 정말 감사합니다. 다만 영수증이 안 들어 있어서 따로 받을 수 있을까요. 회사에 내야 해서 사업자 번호가 찍힌 것이 필요하고, 메일로 보내 주셔도 괜찮습니다 (접수번호 93)",-4.053,-0.021,-2.678,2.126,1.448,4.259,-2.390,3.561
94,배송문의,2026-09-13 07:00:00,5,"""빠른 배송"" 정말 감사합니다. 다만 영수증이 안 들어 있어서 따로 받을 수 있을까요. 회사에 내야 해서 사업자 번호가 찍힌 것이 필요하고, 메일로 보내 주셔도 괜찮습니다 (접수번호 94)",1.144,-2.390,2.398,-5.243,6.089,-0.892,-0.736,-8.381
95,결제오류,2026-09-02 13:00:00,5,"""빠른 배송"" 정말 감사합니다. 다만 영수증이 안 들어 있어서 따로 받을 수 있을까요. 회사에 내야 해서 사업자 번호가 찍힌 것이 필요하고, 메일로 보내 주셔도 괜찮습니다 (접수번호 95)",3.409,1.379,-3.739,-3.435,-3.067,-1.453,2.011,-2.705
96,결제오류,2026-09-11 20:00:00,5,"어제 받은 상자가 한쪽이 찌그러져 있었고, 안의 물건에도 눌린 자국이 남아 있습니다. 사진은 찍어 두었으니 필요하시면 보내 드리겠습니다. 같은 물건으로 바꿔 주시면 좋겠습니다 (접수번호 96)",3.157,1.480,-4.217,-4.635,-2.228,-0.600,0.879,-3.155
97,배송문의,2026-09-11 00:00:00,2,"결제는 어제 됐다고 문자가 왔는데 아직 배송 시작이 안 뜹니다. 언제쯤 출발하나요. 주말에는 집을 비우게 되어서, 가능하면 금요일 안에 받았으면 하는데 어려울까요 (접수번호 97)",1.428,-1.413,2.970,-4.096,5.697,-0.949,-0.933,-6.975
98,배송문의,2026-09-08 22:00:00,5,"""빠른 배송"" 정말 감사합니다. 다만 영수증이 안 들어 있어서 따로 받을 수 있을까요. 회사에 내야 해서 사업자 번호가 찍힌 것이 필요하고, 메일로 보내 주셔도 괜찮습니다 (접수번호 98)",1.605,-1.550,1.280,-4.106,6.061,0.136,-0.926,-7.756
99,결제오류,2026-09-10 01:00:00,3,"주문한 것과 다른 색이 왔습니다. 주문 내역에는 남색으로 되어 있는데 검정이 왔어요. 포장은 뜯지 않은 그대로이고, 받은 날은 지난주 금요일입니다. 회수는 언제 오시는지 알려 주세요 (접수번호 99)",1.821,0.834,-3.722,-5.271,-3.070,0.529,1.542,-2.980
100,쿠폰문의,2026-09-04 06:00:00,2,"결제는 어제 됐다고 문자가 왔는데 아직 배송 시작이 안 뜹니다. 언제쯤 출발하나요. 주말에는 집을 비우게 되어서, 가능하면 금요일 안에 받았으면 하는데 어려울까요 (접수번호 100)",-3.134,3.114,-0.979,0.073,1.387,4.872,-2.800,1.037
101,쿠폰문의,2026-09-06 16:00:00,,"""빠른 배송"" 정말 감사합니다. 다만 영수증이 안 들어 있어서 따로 받을 수 있을까요. 회사에 내야 해서 사업자 번호가 찍힌 것이 필요하고, 메일로 보내 주셔도 괜찮습니다 (접수번호 101)",-2.532,3.326,-1.443,0.609,0.881,4.339,-1.184,-0.570
102,배송문의,2026-09-17 01:00:00,3,"결제는 어제 됐다고 문자가 왔는데 아직 배송 시작이 안 뜹니다. 언제쯤 출발하나요. 주말에는 집을 비우게 되어서, 가능하면 금요일 안에 받았으면 하는데 어려울까요 (접수번호 102)",2.204,-0.869,1.732,-3.851,6.122,-0.565,-1.356,-7.681
103,배송문의,2026-09-09 02:00:00,3,"주문한 것과 다른 색이 왔습니다. 주문 내역에는 남색으로 되어 있는데 검정이 왔어요. 포장은 뜯지 않은 그대로이고, 받은 날은 지난주 금요일입니다. 회수는 언제 오시는지 알려 주세요 (접수번호 103)",0.484,-2.467,3.075,-3.428,6.186,-0.397,-2.355,-7.145
104,환불요청,2026-09-10 18:00:00,4,"주문한 것과 다른 색이 왔습니다. 주문 내역에는 남색으로 되어 있는데 검정이 왔어요. 포장은 뜯지 않은 그대로이고, 받은 날은 지난주 금요일입니다. 회수는 언제 오시는지 알려 주세요 (접수번호 104)",-2.309,0.430,-1.814,1.396,0.144,3.784,-2.474,3.527
105,환불요청,2026-09-16 13:00:00,5,"결제는 어제 됐다고 문자가 왔는데 아직 배송 시작이 안 뜹니다. 언제쯤 출발하나요. 주말에는 집을 비우게 되어서, 가능하면 금요일 안에 받았으면 하는데 어려울까요 (접수번호 105)",-2.771,0.513,-1.941,0.680,0.699,4.221,-3.680,4.005
106,쿠폰문의,2026-09-07 13:00:00,1,"""빠른 배송"" 정말 감사합니다. 다만 영수증이 안 들어 있어서 따로 받을 수 있을까요. 회사에 내야 해서 사업자 번호가 찍힌 것이 필요하고, 메일로 보내 주셔도 괜찮습니다 (접수번호 106)",-3.734,3.051,-0.738,0.746,1.997,4.370,-1.594,1.263
107,교환요청,2026-09-07 20:00:00,4,"결제는 어제 됐다고 문자가 왔는데 아직 배송 시작이 안 뜹니다. 언제쯤 출발하나요. 주말에는 집을 비우게 되어서, 가능하면 금요일 안에 받았으면 하는데 어려울까요 (접수번호 107)",-3.721,4.977,-3.592,-4.233,1.225,2.829,-5.127,-0.455
108,배송문의,2026-09-11 05:00:00,4,"""빠른 배송"" 정말 감사합니다. 다만 영수증이 안 들어 있어서 따로 받을 수 있을까요. 회사에 내야 해서 사업자 번호가 찍힌 것이 필요하고, 메일로 보내 주셔도 괜찮습니다 (접수번호 108)",0.480,-1.582,1.888,-3.815,6.270,-0.487,-1.477,-6.570
109,쿠폰문의,2026-09-16 07:00:00,,"결제는 어제 됐다고 문자가 왔는데 아직 배송 시작이 안 뜹니다. 언제쯤 출발하나요. 주말에는 집을 비우게 되어서, 가능하면 금요일 안에 받았으면 하는데 어려울까요 (접수번호 109)",-3.328,3.207,-1.980,1.052,2.525,4.859,-1.632,-0.639
110,쿠폰문의,2026-09-09 04:00:00,5,"주문한 것과 다른 색이 왔습니다. 주문 내역에는 남색으로 되어 있는데 검정이 왔어요. 포장은 뜯지 않은 그대로이고, 받은 날은 지난주 금요일입니다. 회수는 언제 오시는지 알려 주세요 (접수번호 110)",-4.059,3.481,-0.766,0.322,1.793,4.849,-2.222,-0.565
111,결제오류,2026-09-02 15:00:00,4,"어제 받은 상자가 한쪽이 찌그러져 있었고, 안의 물건에도 눌린 자국이 남아 있습니다. 사진은 찍어 두었으니 필요하시면 보내 드리겠습니다. 같은 물건으로 바꿔 주시면 좋겠습니다 (접수번호 111)",2.848,2.347,-4.045,-4.959,-3.567,-0.892,0.773,-2.625
112,결제오류,2026-09-13 06:00:00,2,"결제는 어제 됐다고 문자가 왔는데 아직 배송 시작이 안 뜹니다. 언제쯤 출발하나요. 주말에는 집을 비우게 되어서, 가능하면 금요일 안에 받았으면 하는데 어려울까요 (접수번호 112)",2.320,1.320,-3.096,-3.723,-3.052,-1.355,1.731,-3.695
113,환불요청,2026-09-11 09:00:00,2,"결제는 어제 됐다고 문자가 왔는데 아직 배송 시작이 안 뜹니다. 언제쯤 출발하나요. 주말에는 집을 비우게 되어서, 가능하면 금요일 안에 받았으면 하는데 어려울까요 (접수번호 113)",-2.161,-0.035,-2.400,2.609,-0.671,4.066,-3.986,3.619
114,쿠폰문의,2026-09-16 00:00:00,4,"주문한 것과 다른 색이 왔습니다. 주문 내역에는 남색으로 되어 있는데 검정이 왔어요. 포장은 뜯지 않은 그대로이고, 받은 날은 지난주 금요일입니다. 회수는 언제 오시는지 알려 주세요 (접수번호 114)",-3.980,3.973,-1.688,1.124,1.732,4.707,-1.986,0.285
115,결제오류,2026-09-01 23:00:00,,"""빠른 배송"" 정말 감사합니다. 다만 영수증이 안 들어 있어서 따로 받을 수 있을까요. 회사에 내야 해서 사업자 번호가 찍힌 것이 필요하고, 메일로 보내 주셔도 괜찮습니다 (접수번호 115)",2.272,1.335,-3.840,-4.312,-4.076,-0.977,1.659,-2.913
116,환불요청,2026-09-11 07:00:00,1,"어제 받은 상자가 한쪽이 찌그러져 있었고, 안의 물건에도 눌린 자국이 남아 있습니다. 사진은 찍어 두었으니 필요하시면 보내 드리겠습니다. 같은 물건으로 바꿔 주시면 좋겠습니다 (접수번호 116)",-3.086,0.716,-2.963,1.298,1.279,1.804,-3.351,3.782
117,환불요청,2026-09-03 11:00:00,,"어제 받은 상자가 한쪽이 찌그러져 있었고, 안의 물건에도 눌린 자국이 남아 있습니다. 사진은 찍어 두었으니 필요하시면 보내 드리겠습니다. 같은 물건으로 바꿔 주시면 좋겠습니다 (접수번호 117)",-2.436,0.582,-2.436,1.042,1.922,3.279,-3.803,3.821
118,배송문의,2026-09-01 23:00:00,5,"결제는 어제 됐다고 문자가 왔는데 아직 배송 시작이 안 뜹니다. 언제쯤 출발하나요. 주말에는 집을 비우게 되어서, 가능하면 금요일 안에 받았으면 하는데 어려울까요 (접수번호 118)",1.499,-1.044,2.290,-4.514,5.447,-0.657,-0.787,-7.967
119,배송문의,2026-09-16 01:00:00,2,"""빠른 배송"" 정말 감사합니다. 다만 영수증이 안 들어 있어서 따로 받을 수 있을까요. 회사에 내야 해서 사업자 번호가 찍힌 것이 필요하고, 메일로 보내 주셔도 괜찮습니다 (접수번호 119)",1.423,-1.255,0.526,-4.391,5.389,-1.032,0.153,-7.497
120,교환요청,2026-09-05 11:00:00,2,"""빠른 배송"" 정말 감사합니다. 다만 영수증이 안 들어 있어서 따로 받을 수 있을까요. 회사에 내야 해서 사업자 번호가 찍힌 것이 필요하고, 메일로 보내 주셔도 괜찮습니다 (접수번호 120)",-4.028,4.580,-2.767,-2.855,0.906,2.927,-5.031,-1.228
121,환불요청,2026-09-07 10:00:00,5,"어제 받은 상자가 한쪽이 찌그러져 있었고, 안의 물건에도 눌린 자국이 남아 있습니다. 사진은 찍어 두었으니 필요하시면 보내 드리겠습니다. 같은 물건으로 바꿔 주시면 좋겠습니다 (접수번호 121)",-3.299,0.805,-1.807,1.141,0.906,2.747,-2.697,3.881
122,결제오류,2026-09-01 08:00:00,3,"""빠른 배송"" 정말 감사합니다. 다만 영수증이 안 들어 있어서 따로 받을 수 있을까요. 회사에 내야 해서 사업자 번호가 찍힌 것이 필요하고, 메일로 보내 주셔도 괜찮습니다 (접수번호 122)",1.834,2.044,-3.082,-2.561,-2.894,-1.234,1.144,-4.328
123,결제오류,2026-09-20 03:00:00,4,"""빠른 배송"" 정말 감사합니다. 다만 영수증이 안 들어 있어서 따로 받을 수 있을까요. 회사에 내야 해서 사업자 번호가 찍힌 것이 필요하고, 메일로 보내 주셔도 괜찮습니다 (접수번호 123)",2.255,1.086,-3.997,-4.155,-3.980,-1.856,0.438,-2.491
124,쿠폰문의,2026-09-18 12:00:00,3,"주문한 것과 다른 색이 왔습니다. 주문 내역에는 남색으로 되어 있는데 검정이 왔어요. 포장은 뜯지 않은 그대로이고, 받은 날은 지난주 금요일입니다. 회수는 언제 오시는지 알려 주세요 (접수번호 124)",-2.784,4.854,-1.382,-0.073,2.428,4.522,-2.845,-0.804
125,쿠폰문의,2026-09-16 14:00:00,3,"어제 받은 상자가 한쪽이 찌그러져 있었고, 안의 물건에도 눌린 자국이 남아 있습니다. 사진은 찍어 두었으니 필요하시면 보내 드리겠습니다. 같은 물건으로 바꿔 주시면 좋겠습니다 (접수번호 125)",-2.829,3.330,-1.518,0.092,2.103,4.565,-1.330,-0.556
126,교환요청,2026-09-10 10:00:00,3,"""빠른 배송"" 정말 감사합니다. 다만 영수증이 안 들어 있어서 따로 받을 수 있을까요. 회사에 내야 해서 사업자 번호가 찍힌 것이 필요하고, 메일로 보내 주셔도 괜찮습니다 (접수번호 126)",-4.726,4.372,-3.308,-3.727,1.225,3.588,-4.618,-1.317
127,배송문의,2026-09-15 18:00:00,5,"""빠른 배송"" 정말 감사합니다. 다만 영수증이 안 들어 있어서 따로 받을 수 있을까요. 회사에 내야 해서 사업자 번호가 찍힌 것이 필요하고, 메일로 보내 주셔도 괜찮습니다 (접수번호 127)",1.744,-1.279,1.956,-3.793,6.400,-1.251,-0.911,-6.977
128,결제오류,2026-09-09 19:00:00,3,"어제 받은 상자가 한쪽이 찌그러져 있었고, 안의 물건에도 눌린 자국이 남아 있습니다. 사진은 찍어 두었으니 필요하시면 보내 드리겠습니다. 같은 물건으로 바꿔 주시면 좋겠습니다 (접수번호 128)",3.080,1.072,-2.714,-3.561,-3.546,-0.657,0.889,-4.299
129,결제오류,2026-09-06 01:00:00,4,"어제 받은 상자가 한쪽이 찌그러져 있었고, 안의 물건에도 눌린 자국이 남아 있습니다. 사진은 찍어 두었으니 필요하시면 보내 드리겠습니다. 같은 물건으로 바꿔 주시면 좋겠습니다 (접수번호 129)",3.605,1.566,-3.349,-3.856,-2.692,-1.665,0.992,-3.849
130,쿠폰문의,2026-09-21 22:00:00,,"주문한 것과 다른 색이 왔습니다. 주문 내역에는 남색으로 되어 있는데 검정이 왔어요. 포장은 뜯지 않은 그대로이고, 받은 날은 지난주 금요일입니다. 회수는 언제 오시는지 알려 주세요 (접수번호 130)",-3.475,4.135,-0.937,1.356,0.685,4.264,-1.037,-0.040
131,배송문의,2026-09-07 19:00:00,3,"""빠른 배송"" 정말 감사합니다. 다만 영수증이 안 들어 있어서 따로 받을 수 있을까요. 회사에 내야 해서 사업자 번호가 찍힌 것이 필요하고, 메일로 보내 주셔도 괜찮습니다 (접수번호 131)",2.037,-1.124,2.153,-3.933,5.697,-0.127,-0.354,-7.228
132,환불요청,2026-09-17 03:00:00,2,"어제 받은 상자가 한쪽이 찌그러져 있었고, 안의 물건에도 눌린 자국이 남아 있습니다. 사진은 찍어 두었으니 필요하시면 보내 드리겠습니다. 같은 물건으로 바꿔 주시면 좋겠습니다 (접수번호 132)",-2.689,-0.015,-1.853,2.188,0.259,3.280,-3.959,3.317
133,환불요청,2026-09-12 04:00:00,1,"어제 받은 상자가 한쪽이 찌그러져 있었고, 안의 물건에도 눌린 자국이 남아 있습니다. 사진은 찍어 두었으니 필요하시면 보내 드리겠습니다. 같은 물건으로 바꿔 주시면 좋겠습니다 (접수번호 133)",-2.977,0.922,-2.214,1.958,0.235,2.672,-2.585,4.426
134,쿠폰문의,2026-09-06 01:00:00,2,"""빠른 배송"" 정말 감사합니다. 다만 영수증이 안 들어 있어서 따로 받을 수 있을까요. 회사에 내야 해서 사업자 번호가 찍힌 것이 필요하고, 메일로 보내 주셔도 괜찮습니다 (접수번호 134)",-2.684,3.739,-0.990,0.499,1.915,3.827,-2.529,-0.808
135,배송문의,2026-09-21 13:00:00,4,"결제는 어제 됐다고 문자가 왔는데 아직 배송 시작이 안 뜹니다. 언제쯤 출발하나요. 주말에는 집을 비우게 되어서, 가능하면 금요일 안에 받았으면 하는데 어려울까요 (접수번호 135)",1.655,-1.964,1.813,-3.478,5.505,-1.368,-1.535,-6.989
136,배송문의,2026-09-12 09:00:00,3,"어제 받은 상자가 한쪽이 찌그러져 있었고, 안의 물건에도 눌린 자국이 남아 있습니다. 사진은 찍어 두었으니 필요하시면 보내 드리겠습니다. 같은 물건으로 바꿔 주시면 좋겠습니다 (접수번호 136)",0.773,-0.173,2.254,-4.018,4.443,-0.571,-0.419,-7.178
137,쿠폰문의,2026-09-02 00:00:00,3,"주문한 것과 다른 색이 왔습니다. 주문 내역에는 남색으로 되어 있는데 검정이 왔어요. 포장은 뜯지 않은 그대로이고, 받은 날은 지난주 금요일입니다. 회수는 언제 오시는지 알려 주세요 (접수번호 137)",-3.633,4.640,-0.205,1.349,1.617,4.405,-1.059,-1.191
138,환불요청,2026-09-15 23:00:00,4,"어제 받은 상자가 한쪽이 찌그러져 있었고, 안의 물건에도 눌린 자국이 남아 있습니다. 사진은 찍어 두었으니 필요하시면 보내 드리겠습니다. 같은 물건으로 바꿔 주시면 좋겠습니다 (접수번호 138)",-3.824,0.319,-1.538,2.248,-0.309,2.038,-4.076,4.172
139,교환요청,2026-09-06 11:00:00,1,"주문한 것과 다른 색이 왔습니다. 주문 내역에는 남색으로 되어 있는데 검정이 왔어요. 포장은 뜯지 않은 그대로이고, 받은 날은 지난주 금요일입니다. 회수는 언제 오시는지 알려 주세요 (접수번호 139)",-4.652,4.864,-1.786,-4.051,0.759,3.812,-4.892,-0.711
140,배송문의,2026-09-04 10:00:00,2,"어제 받은 상자가 한쪽이 찌그러져 있었고, 안의 물건에도 눌린 자국이 남아 있습니다. 사진은 찍어 두었으니 필요하시면 보내 드리겠습니다. 같은 물건으로 바꿔 주시면 좋겠습니다 (접수번호 140)",1.276,-2.339,2.176,-4.634,6.178,-0.864,-0.773,-8.381
141,환불요청,2026-09-18 17:00:00,5,"""빠른 배송"" 정말 감사합니다. 다만 영수증이 안 들어 있어서 따로 받을 수 있을까요. 회사에 내야 해서 사업자 번호가 찍힌 것이 필요하고, 메일로 보내 주셔도 괜찮습니다 (접수번호 141)",-4.203,0.029,-2.399,1.200,0.297,4.317,-2.144,5.579
142,결제오류,2026-09-09 08:00:00,4,"어제 받은 상자가 한쪽이 찌그러져 있었고, 안의 물건에도 눌린 자국이 남아 있습니다. 사진은 찍어 두었으니 필요하시면 보내 드리겠습니다. 같은 물건으로 바꿔 주시면 좋겠습니다 (접수번호 142)",2.402,1.339,-3.606,-4.195,-3.923,-2.070,1.448,-3.313
143,환불요청,2026-09-10 19:00:00,1,"""빠른 배송"" 정말 감사합니다. 다만 영수증이 안 들어 있어서 따로 받을 수 있을까요. 회사에 내야 해서 사업자 번호가 찍힌 것이 필요하고, 메일로 보내 주셔도 괜찮습니다 (접수번호 143)",-2.156,0.534,-2.291,1.540,1.057,3.000,-3.495,4.044
144,결제오류,2026-09-21 02:00:00,1,"주문한 것과 다른 색이 왔습니다. 주문 내역에는 남색으로 되어 있는데 검정이 왔어요. 포장은 뜯지 않은 그대로이고, 받은 날은 지난주 금요일입니다. 회수는 언제 오시는지 알려 주세요 (접수번호 144)",1.363,0.660,-4.924,-4.538,-2.752,-0.022,1.419,-3.393
145,환불요청,2026-09-03 22:00:00,2,"어제 받은 상자가 한쪽이 찌그러져 있었고, 안의 물건에도 눌린 자국이 남아 있습니다. 사진은 찍어 두었으니 필요하시면 보내 드리겠습니다. 같은 물건으로 바꿔 주시면 좋겠습니다 (접수번호 145)",-4.175,0.128,-0.922,1.530,0.641,3.596,-2.369,4.112
146,교환요청,2026-09-05 22:00:00,,"어제 받은 상자가 한쪽이 찌그러져 있었고, 안의 물건에도 눌린 자국이 남아 있습니다. 사진은 찍어 두었으니 필요하시면 보내 드리겠습니다. 같은 물건으로 바꿔 주시면 좋겠습니다 (접수번호 146)",-4.885,6.131,-2.218,-4.235,1.919,3.543,-4.531,-0.848
147,교환요청,2026-09-21 04:00:00,5,"결제는 어제 됐다고 문자가 왔는데 아직 배송 시작이 안 뜹니다. 언제쯤 출발하나요. 주말에는 집을 비우게 되어서, 가능하면 금요일 안에 받았으면 하는데 어려울까요 (접수번호 147)",-6.058,4.689,-2.662,-4.034,0.964,3.367,-4.884,-0.460
148,환불요청,2026-09-13 02:00:00,3,"결제는 어제 됐다고 문자가 왔는데 아직 배송 시작이 안 뜹니다. 언제쯤 출발하나요. 주말에는 집을 비우게 되어서, 가능하면 금요일 안에 받았으면 하는데 어려울까요 (접수번호 148)",-3.705,1.477,-3.191,0.131,1.266,4.157,-3.651,3.395
149,환불요청,2026-09-13 04:00:00,5,"""빠른 배송"" 정말 감사합니다. 다만 영수증이 안 들어 있어서 따로 받을 수 있을까요. 회사에 내야 해서 사업자 번호가 찍힌 것이 필요하고, 메일로 보내 주셔도 괜찮습니다 (접수번호 149)",-3.615,0.502,-2.581,2.037,-0.163,3.606,-3.579,4.842
150,결제오류,2026-09-03 19:00:00,5,"주문한 것과 다른 색이 왔습니다. 주문 내역에는 남색으로 되어 있는데 검정이 왔어요. 포장은 뜯지 않은 그대로이고, 받은 날은 지난주 금요일입니다. 회수는 언제 오시는지 알려 주세요 (접수번호 150)",2.270,1.254,-3.249,-3.548,-2.623,-0.751,0.556,-2.474
151,환불요청,2026-09-04 21:00:00,4,"어제 받은 상자가 한쪽이 찌그러져 있었고, 안의 물건에도 눌린 자국이 남아 있습니다. 사진은 찍어 두었으니 필요하시면 보내 드리겠습니다. 같은 물건으로 바꿔 주시면 좋겠습니다 (접수번호 151)",-3.874,-0.103,-3.271,0.354,0.140,3.754,-3.590,4.167
152,교환요청,2026-09-10 15:00:00,5,"결제는 어제 됐다고 문자가 왔는데 아직 배송 시작이 안 뜹니다. 언제쯤 출발하나요. 주말에는 집을 비우게 되어서, 가능하면 금요일 안에 받았으면 하는데 어려울까요 (접수번호 152)",-5.018,5.446,-2.255,-4.465,0.174,2.224,-3.821,-0.616
153,결제오류,2026-09-05 05:00:00,3,"어제 받은 상자가 한쪽이 찌그러져 있었고, 안의 물건에도 눌린 자국이 남아 있습니다. 사진은 찍어 두었으니 필요하시면 보내 드리겠습니다. 같은 물건으로 바꿔 주시면 좋겠습니다 (접수번호 153)",2.996,1.322,-2.760,-4.068,-3.248,-1.348,1.475,-2.162
154,환불요청,2026-09-06 09:00:00,5,"어제 받은 상자가 한쪽이 찌그러져 있었고, 안의 물건에도 눌린 자국이 남아 있습니다. 사진은 찍어 두었으니 필요하시면 보내 드리겠습니다. 같은 물건으로 바꿔 주시면 좋겠습니다 (접수번호 154)",-3.613,0.552,-1.791,1.734,0.886,2.823,-2.744,4.505
155,교환요청,2026-09-04 23:00:00,5,"주문한 것과 다른 색이 왔습니다. 주문 내역에는 남색으로 되어 있는데 검정이 왔어요. 포장은 뜯지 않은 그대로이고, 받은 날은 지난주 금요일입니다. 회수는 언제 오시는지 알려 주세요 (접수번호 155)",-4.276,4.379,-3.026,-5.209,0.865,2.772,-5.876,-0.453
156,교환요청,2026-09-02 18:00:00,3,"주문한 것과 다른 색이 왔습니다. 주문 내역에는 남색으로 되어 있는데 검정이 왔어요. 포장은 뜯지 않은 그대로이고, 받은 날은 지난주 금요일입니다. 회수는 언제 오시는지 알려 주세요 (접수번호 156)",-5.181,5.139,-2.538,-3.513,-0.084,3.061,-3.877,-0.663
157,환불요청,2026-09-10 17:00:00,5,"""빠른 배송"" 정말 감사합니다. 다만 영수증이 안 들어 있어서 따로 받을 수 있을까요. 회사에 내야 해서 사업자 번호가 찍힌 것이 필요하고, 메일로 보내 주셔도 괜찮습니다 (접수번호 157)",-2.716,1.678,-2.788,1.026,0.665,4.251,-2.824,5.241
158,결제오류,2026-09-21 10:00:00,4,"결제는 어제 됐다고 문자가 왔는데 아직 배송 시작이 안 뜹니다. 언제쯤 출발하나요. 주말에는 집을 비우게 되어서, 가능하면 금요일 안에 받았으면 하는데 어려울까요 (접수번호 158)",2.625,1.616,-4.723,-3.500,-2.900,-1.502,0.745,-4.701
159,쿠폰문의,2026-09-21 09:00:00,,"""빠른 배송"" 정말 감사합니다. 다만 영수증이 안 들어 있어서 따로 받을 수 있을까요. 회사에 내야 해서 사업자 번호가 찍힌 것이 필요하고, 메일로 보내 주셔도 괜찮습니다 (접수번호 159)",-3.783,3.369,-0.735,0.585,1.645,5.257,-2.453,-1.111
160,환불요청,2026-09-16 20:00:00,2,"결제는 어제 됐다고 문자가 왔는데 아직 배송 시작이 안 뜹니다. 언제쯤 출발하나요. 주말에는 집을 비우게 되어서, 가능하면 금요일 안에 받았으면 하는데 어려울까요 (접수번호 160)",-3.269,0.304,-2.338,2.017,0.496,3.786,-3.238,3.700
161,결제오류,2026-09-17 16:00:00,5,"결제는 어제 됐다고 문자가 왔는데 아직 배송 시작이 안 뜹니다. 언제쯤 출발하나요. 주말에는 집을 비우게 되어서, 가능하면 금요일 안에 받았으면 하는데 어려울까요 (접수번호 161)",2.354,2.227,-3.962,-4.265,-3.207,-0.779,0.136,-3.026
162,교환요청,2026-09-21 17:00:00,2,"""빠른 배송"" 정말 감사합니다. 다만 영수증이 안 들어 있어서 따로 받을 수 있을까요. 회사에 내야 해서 사업자 번호가 찍힌 것이 필요하고, 메일로 보내 주셔도 괜찮습니다 (접수번호 162)",-6.617,4.569,-2.144,-2.843,0.739,3.122,-4.838,-0.675
163,결제오류,2026-09-12 21:00:00,,"""빠른 배송"" 정말 감사합니다. 다만 영수증이 안 들어 있어서 따로 받을 수 있을까요. 회사에 내야 해서 사업자 번호가 찍힌 것이 필요하고, 메일로 보내 주셔도 괜찮습니다 (접수번호 163)",2.876,1.505,-3.817,-3.374,-3.508,-2.846,0.622,-2.628
164,결제오류,2026-09-05 03:00:00,3,"주문한 것과 다른 색이 왔습니다. 주문 내역에는 남색으로 되어 있는데 검정이 왔어요. 포장은 뜯지 않은 그대로이고, 받은 날은 지난주 금요일입니다. 회수는 언제 오시는지 알려 주세요 (접수번호 164)",3.009,1.432,-2.711,-4.669,-3.770,-0.436,1.722,-2.609
165,교환요청,2026-09-03 23:00:00,3,"어제 받은 상자가 한쪽이 찌그러져 있었고, 안의 물건에도 눌린 자국이 남아 있습니다. 사진은 찍어 두었으니 필요하시면 보내 드리겠습니다. 같은 물건으로 바꿔 주시면 좋겠습니다 (접수번호 165)",-4.886,5.561,-1.927,-3.907,0.747,3.255,-5.030,-2.279
166,교환요청,2026-09-17 05:00:00,2,"주문한 것과 다른 색이 왔습니다. 주문 내역에는 남색으로 되어 있는데 검정이 왔어요. 포장은 뜯지 않은 그대로이고, 받은 날은 지난주 금요일입니다. 회수는 언제 오시는지 알려 주세요 (접수번호 166)",-4.126,4.170,-2.895,-4.628,0.189,3.621,-4.103,0.470
167,결제오류,2026-09-03 07:00:00,3,"어제 받은 상자가 한쪽이 찌그러져 있었고, 안의 물건에도 눌린 자국이 남아 있습니다. 사진은 찍어 두었으니 필요하시면 보내 드리겠습니다. 같은 물건으로 바꿔 주시면 좋겠습니다 (접수번호 167)",2.996,1.875,-3.063,-3.625,-3.995,-1.713,0.714,-3.312
168,결제오류,2026-09-14 23:00:00,1,"""빠른 배송"" 정말 감사합니다. 다만 영수증이 안 들어 있어서 따로 받을 수 있을까요. 회사에 내야 해서 사업자 번호가 찍힌 것이 필요하고, 메일로 보내 주셔도 괜찮습니다 (접수번호 168)",3.719,1.658,-3.429,-3.723,-3.623,-1.265,1.238,-3.470
169,결제오류,2026-09-10 11:00:00,4,"주문한 것과 다른 색이 왔습니다. 주문 내역에는 남색으로 되어 있는데 검정이 왔어요. 포장은 뜯지 않은 그대로이고, 받은 날은 지난주 금요일입니다. 회수는 언제 오시는지 알려 주세요 (접수번호 169)",1.160,1.693,-3.123,-4.207,-2.860,-1.021,0.688,-3.361
170,환불요청,2026-09-11 12:00:00,1,"주문한 것과 다른 색이 왔습니다. 주문 내역에는 남색으로 되어 있는데 검정이 왔어요. 포장은 뜯지 않은 그대로이고, 받은 날은 지난주 금요일입니다. 회수는 언제 오시는지 알려 주세요 (접수번호 170)",-3.152,0.989,-2.571,0.978,0.728,3.038,-3.664,3.242
171,배송문의,2026-09-05 08:00:00,2,"""빠른 배송"" 정말 감사합니다. 다만 영수증이 안 들어 있어서 따로 받을 수 있을까요. 회사에 내야 해서 사업자 번호가 찍힌 것이 필요하고, 메일로 보내 주셔도 괜찮습니다 (접수번호 171)",1.992,-0.665,2.803,-4.300,5.397,0.154,-1.263,-6.914
172,배송문의,2026-09-17 18:00:00,5,"주문한 것과 다른 색이 왔습니다. 주문 내역에는 남색으로 되어 있는데 검정이 왔어요. 포장은 뜯지 않은 그대로이고, 받은 날은 지난주 금요일입니다. 회수는 언제 오시는지 알려 주세요 (접수번호 172)",2.040,-1.265,2.775,-4.156,6.485,-0.466,-1.508,-6.798
173,결제오류,2026-09-16 18:00:00,4,"""빠른 배송"" 정말 감사합니다. 다만 영수증이 안 들어 있어서 따로 받을 수 있을까요. 회사에 내야 해서 사업자 번호가 찍힌 것이 필요하고, 메일로 보내 주셔도 괜찮습니다 (접수번호 173)",1.485,3.188,-2.965,-3.513,-4.206,-1.671,0.531,-4.052
174,결제오류,2026-09-12 18:00:00,1,"어제 받은 상자가 한쪽이 찌그러져 있었고, 안의 물건에도 눌린 자국이 남아 있습니다. 사진은 찍어 두었으니 필요하시면 보내 드리겠습니다. 같은 물건으로 바꿔 주시면 좋겠습니다 (접수번호 174)",2.443,0.698,-2.960,-3.095,-3.412,-1.550,1.668,-2.904
175,배송문의,2026-09-02 00:00:00,2,"주문한 것과 다른 색이 왔습니다. 주문 내역에는 남색으로 되어 있는데 검정이 왔어요. 포장은 뜯지 않은 그대로이고, 받은 날은 지난주 금요일입니다. 회수는 언제 오시는지 알려 주세요 (접수번호 175)",0.782,-1.914,2.069,-4.132,6.469,-0.025,-1.468,-6.847
176,쿠폰문의,2026-09-14 18:00:00,4,"주문한 것과 다른 색이 왔습니다. 주문 내역에는 남색으로 되어 있는데 검정이 왔어요. 포장은 뜯지 않은 그대로이고, 받은 날은 지난주 금요일입니다. 회수는 언제 오시는지 알려 주세요 (접수번호 176)",-3.853,3.026,-1.076,0.646,1.912,4.083,-2.328,-1.515
177,쿠폰문의,2026-09-06 12:00:00,3,"결제는 어제 됐다고 문자가 왔는데 아직 배송 시작이 안 뜹니다. 언제쯤 출발하나요. 주말에는 집을 비우게 되어서, 가능하면 금요일 안에 받았으면 하는데 어려울까요 (접수번호 177)",-3.717,4.032,-0.828,0.649,1.839,4.427,-1.168,-0.392
178,배송문의,2026-09-14 13:00:00,4,"주문한 것과 다른 색이 왔습니다. 주문 내역에는 남색으로 되어 있는데 검정이 왔어요. 포장은 뜯지 않은 그대로이고, 받은 날은 지난주 금요일입니다. 회수는 언제 오시는지 알려 주세요 (접수번호 178)",1.152,-1.899,2.378,-3.937,5.619,-0.755,-1.467,-7.319
179,결제오류,2026-09-21 21:00:00,4,"결제는 어제 됐다고 문자가 왔는데 아직 배송 시작이 안 뜹니다. 언제쯤 출발하나요. 주말에는 집을 비우게 되어서, 가능하면 금요일 안에 받았으면 하는데 어려울까요 (접수번호 179)",1.768,1.203,-3.328,-4.771,-3.650,-1.426,-0.214,-3.938
180,교환요청,2026-09-12 17:00:00,5,"어제 받은 상자가 한쪽이 찌그러져 있었고, 안의 물건에도 눌린 자국이 남아 있습니다. 사진은 찍어 두었으니 필요하시면 보내 드리겠습니다. 같은 물건으로 바꿔 주시면 좋겠습니다 (접수번호 180)",-5.500,5.348,-2.107,-3.474,1.509,2.837,-4.988,0.126
181,환불요청,2026-09-13 01:00:00,5,"결제는 어제 됐다고 문자가 왔는데 아직 배송 시작이 안 뜹니다. 언제쯤 출발하나요. 주말에는 집을 비우게 되어서, 가능하면 금요일 안에 받았으면 하는데 어려울까요 (접수번호 181)",-3.814,1.328,-2.613,1.405,-0.169,2.962,-3.024,3.965
182,쿠폰문의,2026-09-13 14:00:00,5,"주문한 것과 다른 색이 왔습니다. 주문 내역에는 남색으로 되어 있는데 검정이 왔어요. 포장은 뜯지 않은 그대로이고, 받은 날은 지난주 금요일입니다. 회수는 언제 오시는지 알려 주세요 (접수번호 182)",-2.645,3.942,-1.199,-0.079,1.857,4.720,-1.739,0.250
183,쿠폰문의,2026-09-05 14:00:00,2,"결제는 어제 됐다고 문자가 왔는데 아직 배송 시작이 안 뜹니다. 언제쯤 출발하나요. 주말에는 집을 비우게 되어서, 가능하면 금요일 안에 받았으면 하는데 어려울까요 (접수번호 183)",-2.980,2.768,-1.187,-0.658,1.586,4.781,-0.637,-1.129
184,환불요청,2026-09-15 01:00:00,4,"어제 받은 상자가 한쪽이 찌그러져 있었고, 안의 물건에도 눌린 자국이 남아 있습니다. 사진은 찍어 두었으니 필요하시면 보내 드리겠습니다. 같은 물건으로 바꿔 주시면 좋겠습니다 (접수번호 184)",-3.618,0.047,-1.512,2.550,0.164,3.144,-3.254,4.261
185,교환요청,2026-09-06 23:00:00,2,"어제 받은 상자가 한쪽이 찌그러져 있었고, 안의 물건에도 눌린 자국이 남아 있습니다. 사진은 찍어 두었으니 필요하시면 보내 드리겠습니다. 같은 물건으로 바꿔 주시면 좋겠습니다 (접수번호 185)",-4.715,4.441,-2.254,-4.372,-0.034,2.093,-4.881,-1.094
186,결제오류,2026-09-01 22:00:00,2,"""빠른 배송"" 정말 감사합니다. 다만 영수증이 안 들어 있어서 따로 받을 수 있을까요. 회사에 내야 해서 사업자 번호가 찍힌 것이 필요하고, 메일로 보내 주셔도 괜찮습니다 (접수번호 186)",1.664,0.462,-3.523,-3.615,-3.852,-0.775,0.897,-3.098
187,쿠폰문의,2026-09-08 23:00:00,2,"""빠른 배송"" 정말 감사합니다. 다만 영수증이 안 들어 있어서 따로 받을 수 있을까요. 회사에 내야 해서 사업자 번호가 찍힌 것이 필요하고, 메일로 보내 주셔도 괜찮습니다 (접수번호 187)",-3.154,3.759,-0.887,1.290,0.987,5.485,-1.609,-1.684
188,환불요청,2026-09-15 15:00:00,4,"어제 받은 상자가 한쪽이 찌그러져 있었고, 안의 물건에도 눌린 자국이 남아 있습니다. 사진은 찍어 두었으니 필요하시면 보내 드리겠습니다. 같은 물건으로 바꿔 주시면 좋겠습니다 (접수번호 188)",-4.053,1.030,-2.011,2.008,1.144,2.878,-3.503,3.967
189,쿠폰문의,2026-09-13 12:00:00,4,"결제는 어제 됐다고 문자가 왔는데 아직 배송 시작이 안 뜹니다. 언제쯤 출발하나요. 주말에는 집을 비우게 되어서, 가능하면 금요일 안에 받았으면 하는데 어려울까요 (접수번호 189)",-2.679,4.138,-0.955,0.771,1.819,4.524,-1.994,-0.854
190,쿠폰문의,2026-09-08 08:00:00,2,"""빠른 배송"" 정말 감사합니다. 다만 영수증이 안 들어 있어서 따로 받을 수 있을까요. 회사에 내야 해서 사업자 번호가 찍힌 것이 필요하고, 메일로 보내 주셔도 괜찮습니다 (접수번호 190)",-2.689,3.959,-1.007,0.192,1.824,4.398,-2.413,-0.571
191,교환요청,2026-09-16 23:00:00,5,"어제 받은 상자가 한쪽이 찌그러져 있었고, 안의 물건에도 눌린 자국이 남아 있습니다. 사진은 찍어 두었으니 필요하시면 보내 드리겠습니다. 같은 물건으로 바꿔 주시면 좋겠습니다 (접수번호 191)",-6.297,4.795,-1.848,-4.499,1.432,2.984,-4.911,-1.539
192,환불요청,2026-09-11 12:00:00,4,"결제는 어제 됐다고 문자가 왔는데 아직 배송 시작이 안 뜹니다. 언제쯤 출발하나요. 주말에는 집을 비우게 되어서, 가능하면 금요일 안에 받았으면 하는데 어려울까요 (접수번호 192)",-3.899,1.422,-2.021,0.246,0.730,3.124,-3.894,5.214
193,교환요청,2026-09-21 07:00:00,3,"어제 받은 상자가 한쪽이 찌그러져 있었고, 안의 물건에도 눌린 자국이 남아 있습니다. 사진은 찍어 두었으니 필요하시면 보내 드리겠습니다. 같은 물건으로 바꿔 주시면 좋겠습니다 (접수번호 193)",-5.153,4.319,-3.269,-4.603,0.868,3.508,-4.781,-0.752
194,결제오류,2026-09-08 20:00:00,5,"어제 받은 상자가 한쪽이 찌그러져 있었고, 안의 물건에도 눌린 자국이 남아 있습니다. 사진은 찍어 두었으니 필요하시면 보내 드리겠습니다. 같은 물건으로 바꿔 주시면 좋겠습니다 (접수번호 194)",2.520,1.983,-3.740,-4.477,-3.363,-2.057,1.110,-3.995
195,배송문의,2026-09-12 23:00:00,5,"어제 받은 상자가 한쪽이 찌그러져 있었고, 안의 물건에도 눌린 자국이 남아 있습니다. 사진은 찍어 두었으니 필요하시면 보내 드리겠습니다. 같은 물건으로 바꿔 주시면 좋겠습니다 (접수번호 195)",0.475,-2.815,1.964,-4.773,5.739,0.318,-2.922,-7.149
196,교환요청,2026-09-14 09:00:00,,"어제 받은 상자가 한쪽이 찌그러져 있었고, 안의 물건에도 눌린 자국이 남아 있습니다. 사진은 찍어 두었으니 필요하시면 보내 드리겠습니다. 같은 물건으로 바꿔 주시면 좋겠습니다 (접수번호 196)",-6.380,5.456,-2.461,-4.586,0.830,3.024,-3.995,-0.297
197,교환요청,2026-09-08 07:00:00,4,"결제는 어제 됐다고 문자가 왔는데 아직 배송 시작이 안 뜹니다. 언제쯤 출발하나요. 주말에는 집을 비우게 되어서, 가능하면 금요일 안에 받았으면 하는데 어려울까요 (접수번호 197)",-4.919,4.728,-0.296,-4.604,-0.391,1.595,-4.494,-1.019
198,교환요청,2026-09-20 09:00:00,4,"주문한 것과 다른 색이 왔습니다. 주문 내역에는 남색으로 되어 있는데 검정이 왔어요. 포장은 뜯지 않은 그대로이고, 받은 날은 지난주 금요일입니다. 회수는 언제 오시는지 알려 주세요 (접수번호 198)",-5.646,5.077,-2.072,-2.563,1.070,2.883,-4.906,-1.143
199,환불요청,2026-09-09 14:00:00,1,"주문한 것과 다른 색이 왔습니다. 주문 내역에는 남색으로 되어 있는데 검정이 왔어요. 포장은 뜯지 않은 그대로이고, 받은 날은 지난주 금요일입니다. 회수는 언제 오시는지 알려 주세요 (접수번호 199)",-3.676,1.388,-2.822,0.677,1.171,3.641,-2.987,3.624
200,환불요청,2026-09-18 21:00:00,4,"결제는 어제 됐다고 문자가 왔는데 아직 배송 시작이 안 뜹니다. 언제쯤 출발하나요. 주말에는 집을 비우게 되어서, 가능하면 금요일 안에 받았으면 하는데 어려울까요 (접수번호 200)",-2.656,1.602,-1.530,1.260,0.138,4.370,-3.405,4.320
